"Timestamp","Пин код","За какую партию вы проголосовали?","За какого кандидата вы проголосовали?","Ваш пол","Ваш возраст"
"2021/09/19 3:47:42 PM GMT+2","978656","ЛДПР","Диденко Алексей Николаевич, ЛДПР","Мужской","25-44"
"2021/09/19 4:04:01 PM GMT+2","912632","Единая Россия","Леонтьев Илья Алексеевич, Единая Россия","Мужской","25-44"
"2021/09/19 11:01:05 AM GMT+2","496740","Справедливая Россия — За Правду","Диденко Алексей Николаевич, ЛДПР","Женский","18-24"
"2021/09/19 1:31:47 PM GMT+2","484159","Зеленая альтернатива","Ульянова Елена Захаровна, Партия роста","Женский","25-44"
"2021/09/19 4:09:28 PM GMT+2","136009","ЛДПР","Диденко Алексей Николаевич, ЛДПР","Женский","18-24"
"2021/09/19 5:26:29 PM GMT+2","629166","ЛДПР","Диденко Алексей Николаевич, ЛДПР","Женский","25-44"
"2021/09/19 5:02:26 PM GMT+2","148681","Зелёные","Диденко Алексей Николаевич, ЛДПР","Женский","25-44"
"2021/09/19 5:56:13 PM GMT+2","750863","ЛДПР","Диденко Алексей Николаевич, ЛДПР","Женский","25-44"
"2021/09/19 2:43:10 PM GMT+2","173021","Яблоко","Ерёмин Василий Васильевич, Яблоко","Мужской","25-44"
"2021/09/19 10:32:08 AM GMT+2","821942","Яблоко","Шипилов Василий Анатольевич, КПРФ","Женский","45-64"
"2021/09/19 10:56:36 AM GMT+2","23534","КПРФ","Диденко Алексей Николаевич, ЛДПР","Женский","25-44"
"2021/09/19 5:45:15 PM GMT+2","970307","ЛДПР","Диденко Алексей Николаевич, ЛДПР","","25-44"
"2021/09/19 11:15:48 AM GMT+2","368638","КПРФ","Диденко Алексей Николаевич, ЛДПР","Мужской","25-44"
"2021/09/20 11:58:06 AM GMT+2","953710","КПРФ","Диденко Алексей Николаевич, ЛДПР","Мужской","25-44"
"2021/09/19 3:33:30 PM GMT+2","364552","КПРФ","Шипилов Василий Анатольевич, КПРФ","Женский","18-24"
"2021/09/19 5:10:05 PM GMT+2","280806","Яблоко","Диденко Алексей Николаевич, ЛДПР","Мужской","25-44"
"2021/09/19 2:27:02 PM GMT+2","663203","КПРФ","Диденко Алексей Николаевич, ЛДПР","Женский","25-44"
"2021/09/19 5:46:47 PM GMT+2","749590","Яблоко","Диденко Алексей Николаевич, ЛДПР","Женский","25-44"
"2021/09/19 12:55:35 PM GMT+2","638941","КПРФ","Диденко Алексей Николаевич, ЛДПР","Женский","25-44"
"2021/09/19 6:16:32 PM GMT+2","624937","ЛДПР","Диденко Алексей Николаевич, ЛДПР","Женский","25-44"
"2021/09/19 5:18:21 PM GMT+2","639261","ЛДПР","Диденко Алексей Николаевич, ЛДПР","Женский","25-44"
"2021/09/19 1:50:04 PM GMT+2","622824","Новые люди","Диденко Алексей Николаевич, ЛДПР","Мужской","25-44"
"2021/09/19 10:45:30 PM GMT+2","612557","ЛДПР","Диденко Алексей Николаевич, ЛДПР","Мужской","25-44"
"2021/09/19 11:29:22 AM GMT+2"," 397334","Яблоко","Диденко Алексей Николаевич, ЛДПР","Женский","18-24"
"2021/09/19 1:03:13 PM GMT+2","764699","ЛДПР","Диденко Алексей Николаевич, ЛДПР","Мужской","25-44"
"2021/09/19 1:11:15 PM GMT+2","548001","Яблоко","Диденко Алексей Николаевич, ЛДПР","Мужской","25-44"
"2021/09/19 4:46:17 PM GMT+2","824776","КПРФ","Шипилов Василий Анатольевич, КПРФ","Мужской","18-24"
"2021/09/19 6:15:30 PM GMT+2","846132","ЛДПР","Диденко Алексей Николаевич, ЛДПР","Женский","25-44"
"2021/09/19 6:41:40 PM GMT+2","317733","Зеленая альтернатива","Диденко Алексей Николаевич, ЛДПР","Мужской","18-24"
"2021/09/19 11:28:28 AM GMT+2","195040","Яблоко","Диденко Алексей Николаевич, ЛДПР","Мужской","25-44"
"2021/09/19 2:46:29 PM GMT+2","896985","Яблоко","Ерёмин Василий Васильевич, Яблоко","Женский","25-44"
"2021/09/19 6:57:06 PM GMT+2","721545","Партия роста","Ульянова Елена Захаровна, Партия роста","Женский","18-24"
"2021/09/19 10:48:35 AM GMT+2","481884","Зелёные","Диденко Алексей Николаевич, ЛДПР","Женский","25-44"
"2021/09/19 11:32:00 AM GMT+2","552685","Новые люди","Ульянова Елена Захаровна, Партия роста","Женский","25-44"
"2021/09/19 6:05:27 PM GMT+2","181616","КПРФ","Диденко Алексей Николаевич, ЛДПР","","25-44"
"2021/09/19 1:08:09 PM GMT+2","875039","КПРФ","Диденко Алексей Николаевич, ЛДПР","Мужской","18-24"
"2021/09/19 11:01:25 AM GMT+2","677392","Яблоко","Диденко Алексей Николаевич, ЛДПР","Мужской","18-24"
"2021/09/19 11:12:29 AM GMT+2","505927","Яблоко","Ерёмин Василий Васильевич, Яблоко","Женский","45-64"
"2021/09/19 12:18:46 PM GMT+2","546601","КПРФ","Диденко Алексей Николаевич, ЛДПР","Женский","18-24"
"2021/09/19 3:28:02 PM GMT+2","288095","ЛДПР","Диденко Алексей Николаевич, ЛДПР","Мужской","25-44"
"2021/09/19 4:09:46 PM GMT+2","730663","КПРФ","Диденко Алексей Николаевич, ЛДПР","Мужской","25-44"
"2021/09/19 6:47:36 PM GMT+2","117019","ЛДПР","Диденко Алексей Николаевич, ЛДПР","Женский","25-44"
"2021/09/19 2:06:36 PM GMT+2","76089","Партия свободы и справедливости","Шипилов Василий Анатольевич, КПРФ","Женский","25-44"
"2021/09/19 1:11:32 PM GMT+2","47991","Яблоко","Диденко Алексей Николаевич, ЛДПР","Женский","18-24"
"2021/09/19 1:31:42 PM GMT+2","972900","КПРФ","Диденко Алексей Николаевич, ЛДПР","Мужской","25-44"
"2021/09/19 3:22:10 PM GMT+2","35197","Яблоко","Шипилов Василий Анатольевич, КПРФ","Мужской","25-44"
"2021/09/19 3:56:34 PM GMT+2","281140","Яблоко","Диденко Алексей Николаевич, ЛДПР","Женский","25-44"
"2021/09/19 10:56:47 AM GMT+2","224331","ЛДПР","Диденко Алексей Николаевич, ЛДПР","Мужской","18-24"
"2021/09/19 2:40:54 PM GMT+2","566452","КПРФ","Диденко Алексей Николаевич, ЛДПР","Мужской","25-44"
"2021/09/19 4:24:45 PM GMT+2","909279","Яблоко","Ерёмин Василий Васильевич, Яблоко","Женский","25-44"
"2021/09/19 1:33:25 PM GMT+2","581924","Единая Россия","Леонтьев Илья Алексеевич, Единая Россия","Мужской","18-24"
"2021/09/19 6:16:17 PM GMT+2","795270","Испортил бюллетень","Испортил бюллетень","Женский","18-24"
"2021/09/19 5:34:47 PM GMT+2","564397","КПРФ","Диденко Алексей Николаевич, ЛДПР","Женский","25-44"
"2021/09/19 3:20:32 PM GMT+2","238363","КПРФ","Диденко Алексей Николаевич, ЛДПР","Мужской","25-44"
"2021/09/19 5:15:39 PM GMT+2","921686","Справедливая Россия — За Правду","Диденко Алексей Николаевич, ЛДПР","Женский","25-44"
"2021/09/19 2:26:42 PM GMT+2","277908","КПРФ","Диденко Алексей Николаевич, ЛДПР","Мужской","18-24"
"2021/09/19 9:54:39 AM GMT+2","865419","ЛДПР","Диденко Алексей Николаевич, ЛДПР","Женский","25-44"
"2021/09/19 7:03:43 PM GMT+2","927890","КПРФ","Диденко Алексей Николаевич, ЛДПР","Женский","25-44"
"2021/09/19 2:46:49 PM GMT+2","432582","Новые люди","Цин-Дэ-Шань Александр Андреевич, Новые люди","Женский","18-24"
"2021/09/19 6:38:05 PM GMT+2","661213","КПРФ","Диденко Алексей Николаевич, ЛДПР","Женский","25-44"
"2021/09/19 6:03:36 PM GMT+2","363970","КПРФ","Диденко Алексей Николаевич, ЛДПР","Мужской","25-44"
"2021/09/19 3:24:29 PM GMT+2","720456","ЛДПР","Диденко Алексей Николаевич, ЛДПР","Мужской","18-24"
"2021/09/19 1:03:22 PM GMT+2","124860","Яблоко","Диденко Алексей Николаевич, ЛДПР","Женский","25-44"
"2021/09/19 11:52:25 AM GMT+2","8769","Зелёные","Диденко Алексей Николаевич, ЛДПР","Женский","25-44"
"2021/09/19 5:56:45 PM GMT+2","359942","ЛДПР","Диденко Алексей Николаевич, ЛДПР","Женский","25-44"
"2021/09/19 2:17:02 PM GMT+2","576945","Партия свободы и справедливости","Диденко Алексей Николаевич, ЛДПР","Женский","18-24"
"2021/09/19 2:40:50 PM GMT+2","784046","ЛДПР","Диденко Алексей Николаевич, ЛДПР","Мужской","18-24"
"2021/09/19 3:53:12 PM GMT+2","935986","ЛДПР","Диденко Алексей Николаевич, ЛДПР","Женский","25-44"
"2021/09/19 1:32:44 PM GMT+2","327095","Яблоко","Диденко Алексей Николаевич, ЛДПР","Женский","25-44"
"2021/09/19 11:53:51 AM GMT+2","314346","КПРФ","Диденко Алексей Николаевич, ЛДПР","Женский","25-44"
"2021/09/19 6:43:55 PM GMT+2","652834","ЛДПР","Диденко Алексей Николаевич, ЛДПР","Женский","18-24"
"2021/09/19 7:29:14 PM GMT+2","595426","ЛДПР","Диденко Алексей Николаевич, ЛДПР","Мужской","18-24"
"2021/09/19 10:56:05 AM GMT+2","138675","КПРФ","Диденко Алексей Николаевич, ЛДПР","Мужской","18-24"
"2021/09/19 1:41:29 PM GMT+2","24476","КПРФ","Диденко Алексей Николаевич, ЛДПР","Мужской","18-24"
"2021/09/19 1:25:15 PM GMT+2","976089","ЛДПР","Диденко Алексей Николаевич, ЛДПР","Женский","18-24"
"2021/09/19 5:53:16 PM GMT+2","934033","ЛДПР","Диденко Алексей Николаевич, ЛДПР","Женский","25-44"
"2021/09/19 4:27:52 PM GMT+2","237137","КПРФ","Диденко Алексей Николаевич, ЛДПР","Мужской","25-44"
"2021/09/19 9:59:39 AM GMT+2","853471","ЛДПР","Диденко Алексей Николаевич, ЛДПР","Женский","25-44"
"2021/09/19 1:24:32 PM GMT+2","792803","КПРФ","Диденко Алексей Николаевич, ЛДПР","Мужской","25-44"
"2021/09/19 11:41:26 AM GMT+2","846332","Яблоко","Ерёмин Василий Васильевич, Яблоко","Мужской","18-24"
"2021/09/19 1:22:13 PM GMT+2","397142","ЛДПР","Диденко Алексей Николаевич, ЛДПР","Мужской","25-44"
"2021/09/19 4:02:09 PM GMT+2","108257","КПРФ","Диденко Алексей Николаевич, ЛДПР","Женский","25-44"
"2021/09/19 12:13:19 PM GMT+2","540560","КПРФ","Диденко Алексей Николаевич, ЛДПР","Мужской","45-64"
"2021/09/19 7:24:11 PM GMT+2","146784","ЛДПР","Диденко Алексей Николаевич, ЛДПР","Женский","25-44"
"2021/09/19 3:00:17 PM GMT+2","528396","Яблоко","Диденко Алексей Николаевич, ЛДПР","Женский","25-44"
"2021/09/19 2:36:49 PM GMT+2","59303","КПРФ","Диденко Алексей Николаевич, ЛДПР","Мужской","25-44"
"2021/09/19 2:43:28 PM GMT+2","842693","ЛДПР","Диденко Алексей Николаевич, ЛДПР","Женский","25-44"
"2021/09/19 6:23:21 PM GMT+2","507705","КПРФ","Диденко Алексей Николаевич, ЛДПР","Женский","45-64"
"2021/09/19 5:04:16 PM GMT+2","456426","КПРФ","Диденко Алексей Николаевич, ЛДПР","Мужской","18-24"
"2021/09/19 5:25:13 PM GMT+2","890980","ЛДПР","Диденко Алексей Николаевич, ЛДПР","Мужской","25-44"
"2021/09/19 12:33:47 PM GMT+2","52852","Яблоко","Ерёмин Василий Васильевич, Яблоко","Женский","25-44"
"2021/09/19 6:35:35 PM GMT+2","98187","ЛДПР","Диденко Алексей Николаевич, ЛДПР","Женский","25-44"
"2021/09/19 3:42:34 PM GMT+2","58648","КПРФ","Диденко Алексей Николаевич, ЛДПР","Мужской","25-44"
"2021/09/19 1:24:16 PM GMT+2","994469","КПРФ","Диденко Алексей Николаевич, ЛДПР","Женский","45-64"
"2021/09/19 1:15:56 PM GMT+2","237248","Новые люди","Диденко Алексей Николаевич, ЛДПР","Женский","18-24"
"2021/09/19 1:46:18 PM GMT+2","618793","КПРФ","Диденко Алексей Николаевич, ЛДПР","Женский","18-24"
"2021/09/19 3:52:05 PM GMT+2","722263","ЛДПР","Диденко Алексей Николаевич, ЛДПР","Мужской","25-44"
"2021/09/19 1:59:45 PM GMT+2","12381","КПРФ","Диденко Алексей Николаевич, ЛДПР","Женский","25-44"
"2021/09/19 2:25:24 PM GMT+2","585115","КПРФ","Диденко Алексей Николаевич, ЛДПР","Женский","25-44"
"2021/09/19 2:14:11 PM GMT+2","860239","КПРФ","Диденко Алексей Николаевич, ЛДПР","Мужской","25-44"
"2021/09/19 8:06:05 PM GMT+2","584256","КПРФ","Диденко Алексей Николаевич, ЛДПР","Мужской","25-44"
"2021/09/19 5:44:22 PM GMT+2","530455","Яблоко","Диденко Алексей Николаевич, ЛДПР","Женский","18-24"
"2021/09/19 6:29:21 PM GMT+2","856700","КПРФ","Диденко Алексей Николаевич, ЛДПР","Женский","25-44"
"2021/09/19 3:00:33 PM GMT+2","451185","Яблоко","Диденко Алексей Николаевич, ЛДПР","Мужской","25-44"
"2021/09/19 2:14:45 PM GMT+2","406463","КПРФ","Диденко Алексей Николаевич, ЛДПР","Женский","18-24"
"2021/09/19 3:44:44 PM GMT+2","321555","КПРФ","Диденко Алексей Николаевич, ЛДПР","Женский","18-24"
"2021/09/19 2:23:50 PM GMT+2","626737","Новые люди","Диденко Алексей Николаевич, ЛДПР","Мужской","18-24"
"2021/09/19 4:49:34 PM GMT+2","810508","Единая Россия","Леонтьев Илья Алексеевич, Единая Россия","Женский","25-44"
"2021/09/19 5:26:01 PM GMT+2","206339","КПРФ","Диденко Алексей Николаевич, ЛДПР","Женский","25-44"
"2021/09/19 6:36:37 PM GMT+2","274485","Справедливая Россия — За Правду","Леонтьев Илья Алексеевич, Единая Россия","Мужской","25-44"
"2021/09/19 3:28:15 PM GMT+2","441858","КПРФ","Диденко Алексей Николаевич, ЛДПР","Мужской","25-44"
"2021/09/19 11:37:46 AM GMT+2","929584","КПРФ","Диденко Алексей Николаевич, ЛДПР","Женский","25-44"
"2021/09/19 4:12:24 PM GMT+2","126240","Яблоко","Ерёмин Василий Васильевич, Яблоко","Женский","25-44"
"2021/09/19 3:46:27 PM GMT+2","37704","КПРФ","Диденко Алексей Николаевич, ЛДПР","Женский","25-44"
"2021/09/19 11:16:50 AM GMT+2","488583","КПРФ","Диденко Алексей Николаевич, ЛДПР","Мужской","25-44"
"2021/09/19 2:45:56 PM GMT+2","622290","КПРФ","Диденко Алексей Николаевич, ЛДПР","Женский","18-24"
"2021/09/19 4:02:27 PM GMT+2","51886","КПРФ","Шипилов Василий Анатольевич, КПРФ","Женский","25-44"
"2021/09/19 10:46:28 AM GMT+2","382350","Единая Россия","Леонтьев Илья Алексеевич, Единая Россия","Женский","25-44"
"2021/09/19 2:18:25 PM GMT+2","7941","Зелёные","Диденко Алексей Николаевич, ЛДПР","Женский","18-24"
"2021/09/19 1:55:00 PM GMT+2","620512","КПРФ","Диденко Алексей Николаевич, ЛДПР","Женский","25-44"
"2021/09/19 11:14:10 AM GMT+2","601286","КПРФ","Диденко Алексей Николаевич, ЛДПР","Мужской","25-44"
"2021/09/19 6:20:15 PM GMT+2","171212","КПРФ","Шипилов Василий Анатольевич, КПРФ","Женский","25-44"
"2021/09/19 12:11:53 PM GMT+2","657791","Яблоко","Диденко Алексей Николаевич, ЛДПР","Женский","25-44"
"2021/09/19 2:27:48 PM GMT+2","821293","КПРФ","Диденко Алексей Николаевич, ЛДПР","Женский","25-44"
"2021/09/19 8:56:09 PM GMT+2","496366","Справедливая Россия — За Правду","Диденко Алексей Николаевич, ЛДПР","Женский","25-44"
"2021/09/19 4:53:45 PM GMT+2","426911","ЛДПР","Диденко Алексей Николаевич, ЛДПР","Мужской","25-44"
"2021/09/19 1:18:34 PM GMT+2","700862","Яблоко","Диденко Алексей Николаевич, ЛДПР","Женский","45-64"
"2021/09/19 1:31:51 PM GMT+2","374663","КПРФ","Диденко Алексей Николаевич, ЛДПР","Женский","25-44"
"2021/09/19 12:30:48 PM GMT+2","650388","Зеленая альтернатива","Диденко Алексей Николаевич, ЛДПР","Женский","25-44"
"2021/09/19 11:31:53 AM GMT+2","924804","Новые люди","Цин-Дэ-Шань Александр Андреевич, Новые люди","Женский","25-44"
"2021/09/19 11:40:45 AM GMT+2","888408","ЛДПР","Диденко Алексей Николаевич, ЛДПР","Мужской","25-44"
"2021/09/19 11:37:09 AM GMT+2","986610","КПРФ","Диденко Алексей Николаевич, ЛДПР","Мужской","18-24"
"2021/09/19 3:46:34 PM GMT+2","397146","Яблоко","Ерёмин Василий Васильевич, Яблоко","Женский","18-24"
"2021/09/19 1:25:14 PM GMT+2","55468","КПРФ","Диденко Алексей Николаевич, ЛДПР","Женский","25-44"
"2021/09/19 3:48:56 PM GMT+2","930988","ЛДПР","Диденко Алексей Николаевич, ЛДПР","Женский","25-44"
"2021/09/19 5:50:18 PM GMT+2","251379","Новые люди","Цин-Дэ-Шань Александр Андреевич, Новые люди","Женский","25-44"
"2021/09/19 2:01:19 PM GMT+2","160003","ЛДПР","Диденко Алексей Николаевич, ЛДПР","Женский","25-44"
"2021/09/19 10:56:26 AM GMT+2","6893","КПРФ","Диденко Алексей Николаевич, ЛДПР","Мужской","25-44"
"2021/09/19 12:36:05 PM GMT+2","889526","Новые люди","Диденко Алексей Николаевич, ЛДПР","Мужской","25-44"
"2021/09/19 3:53:03 PM GMT+2","567919","Справедливая Россия — За Правду","Диденко Алексей Николаевич, ЛДПР","Женский","25-44"
"2021/09/19 9:54:46 AM GMT+2","963189","ЛДПР","Диденко Алексей Николаевич, ЛДПР","Женский","25-44"
"2021/09/19 2:40:49 PM GMT+2","125276","Новые люди","Диденко Алексей Николаевич, ЛДПР","Женский","25-44"
"2021/09/19 6:28:48 PM GMT+2","564506","ЛДПР","Диденко Алексей Николаевич, ЛДПР","Женский","25-44"
"2021/09/19 5:58:49 PM GMT+2","161475","ЛДПР","Диденко Алексей Николаевич, ЛДПР","Мужской","25-44"
"2021/09/19 4:41:30 PM GMT+2","55445","Яблоко","Диденко Алексей Николаевич, ЛДПР","Женский","18-24"
"2021/09/19 9:04:17 PM GMT+2","552596","Яблоко","Ростовцев Александр Валерьевич, Справедливая Россия – Патриоты","Женский","25-44"
"2021/09/19 1:49:28 PM GMT+2","28445","Единая Россия","Леонтьев Илья Алексеевич, Единая Россия","Женский","18-24"
"2021/09/19 11:30:49 AM GMT+2","211184","ЛДПР","Диденко Алексей Николаевич, ЛДПР","Женский","18-24"
"2021/09/19 3:10:07 PM GMT+2","704183","Яблоко","Ерёмин Василий Васильевич, Яблоко","Мужской","25-44"
"2021/09/19 2:27:36 PM GMT+2","400881","Яблоко","Диденко Алексей Николаевич, ЛДПР","Женский","25-44"
"2021/09/19 5:30:26 PM GMT+2","662918","","Диденко Алексей Николаевич, ЛДПР","Женский","25-44"
"2021/09/19 4:24:01 PM GMT+2","586287","Яблоко","Ерёмин Василий Васильевич, Яблоко","Мужской","45-64"
"2021/09/19 6:03:02 PM GMT+2","765465","КПРФ","Диденко Алексей Николаевич, ЛДПР","Женский","25-44"
"2021/09/19 11:12:08 AM GMT+2","843082","КПРФ","Шипилов Василий Анатольевич, КПРФ","Мужской","25-44"
"2021/09/19 7:53:03 PM GMT+2","227324","ЛДПР","Диденко Алексей Николаевич, ЛДПР","Женский","18-24"
"2021/09/19 3:13:53 PM GMT+2","883931","Яблоко","Диденко Алексей Николаевич, ЛДПР","Женский","25-44"
"2021/09/19 12:12:06 PM GMT+2","89084","КПРФ","Диденко Алексей Николаевич, ЛДПР","Женский","25-44"
"2021/09/19 10:45:39 AM GMT+2","873355","Единая Россия","Леонтьев Илья Алексеевич, Единая Россия","Женский","25-44"
"2021/09/19 5:43:51 PM GMT+2","345562","КПРФ","Диденко Алексей Николаевич, ЛДПР","Женский","25-44"
"2021/09/19 2:38:54 PM GMT+2","773447","ЛДПР","Диденко Алексей Николаевич, ЛДПР","Мужской","25-44"
"2021/09/19 5:17:47 PM GMT+2","251690","ЛДПР","Диденко Алексей Николаевич, ЛДПР","Женский","25-44"
"2021/09/19 4:08:27 PM GMT+2","741672","КПРФ","Диденко Алексей Николаевич, ЛДПР","Мужской","25-44"
"2021/09/19 6:38:21 PM GMT+2","967255","КПРФ","Ульянова Елена Захаровна, Партия роста","Женский","25-44"
"2021/09/19 8:26:50 PM GMT+2","796310","ЛДПР","Диденко Алексей Николаевич, ЛДПР","Женский","25-44"
"2021/09/19 1:25:51 PM GMT+2","369915","КПРФ","Диденко Алексей Николаевич, ЛДПР","Женский","18-24"
"2021/09/19 2:05:23 PM GMT+2","283929","КПРФ","Диденко Алексей Николаевич, ЛДПР","Женский","25-44"
"2021/09/19 11:38:26 AM GMT+2","158404","ЛДПР","Цин-Дэ-Шань Александр Андреевич, Новые люди","Женский","25-44"
"2021/09/19 2:58:18 PM GMT+2","900763","КПРФ","Диденко Алексей Николаевич, ЛДПР","Женский","18-24"
"2021/09/19 3:47:30 PM GMT+2","945683","КПРФ","Диденко Алексей Николаевич, ЛДПР","Мужской","25-44"
"2021/09/19 5:03:13 PM GMT+2","889192","Яблоко","Диденко Алексей Николаевич, ЛДПР","Женский","25-44"
"2021/09/19 1:07:34 PM GMT+2","667429","ЛДПР","Диденко Алексей Николаевич, ЛДПР","Женский","18-24"
"2021/09/19 1:33:43 PM GMT+2","310894","ЛДПР","Диденко Алексей Николаевич, ЛДПР","Женский","18-24"
"2021/09/19 2:46:07 PM GMT+2","377361","КПРФ","Диденко Алексей Николаевич, ЛДПР","Женский","18-24"
"2021/09/19 10:31:26 AM GMT+2","610257","Яблоко","Шипилов Василий Анатольевич, КПРФ","Мужской","45-64"
"2021/09/19 12:35:58 PM GMT+2","624535","ЛДПР","Диденко Алексей Николаевич, ЛДПР","Женский","25-44"
"2021/09/19 2:00:05 PM GMT+2","229654","КПРФ","Диденко Алексей Николаевич, ЛДПР","Мужской","25-44"
"2021/09/19 7:26:37 PM GMT+2","25498","Яблоко","Диденко Алексей Николаевич, ЛДПР","Женский","25-44"
"2021/09/19 6:38:48 PM GMT+2","945095","ЛДПР","Диденко Алексей Николаевич, ЛДПР","Мужской","25-44"
"2021/09/19 4:37:00 PM GMT+2","25666","КПРФ","Диденко Алексей Николаевич, ЛДПР","Женский","18-24"
"2021/09/19 1:23:49 PM GMT+2","874254","ЛДПР","Диденко Алексей Николаевич, ЛДПР","Женский","18-24"
"2021/09/19 1:26:21 PM GMT+2","671466","КПРФ","Диденко Алексей Николаевич, ЛДПР","Мужской","18-24"
"2021/09/19 9:39:59 AM GMT+2","802110","Единая Россия","Леонтьев Илья Алексеевич, Единая Россия","Мужской","45-64"
"2021/09/19 4:01:59 PM GMT+2","416610","Яблоко","Диденко Алексей Николаевич, ЛДПР","Женский","25-44"
"2021/09/19 2:27:40 PM GMT+2","553670","КПРФ","Диденко Алексей Николаевич, ЛДПР","Мужской","25-44"
"2021/09/19 10:46:22 AM GMT+2","70713","Справедливая Россия — За Правду","Диденко Алексей Николаевич, ЛДПР","Женский","18-24"
"2021/09/19 11:31:50 AM GMT+2","981590","Партия роста","Ульянова Елена Захаровна, Партия роста","Женский","18-24"
"2021/09/19 3:03:51 PM GMT+2","399764","КПРФ","Диденко Алексей Николаевич, ЛДПР","Мужской","25-44"
"2021/09/20 12:03:07 AM GMT+2","740865","КПРФ","Диденко Алексей Николаевич, ЛДПР","Мужской","25-44"
"2021/09/19 7:03:03 PM GMT+2","759629","КПРФ","Диденко Алексей Николаевич, ЛДПР","Мужской","25-44"
"2021/09/19 2:57:54 PM GMT+2","613719","КПРФ","Диденко Алексей Николаевич, ЛДПР","Мужской","25-44"
"2021/09/19 6:47:03 PM GMT+2","365050","ЛДПР","Диденко Алексей Николаевич, ЛДПР","Женский","25-44"
"2021/09/19 6:12:42 PM GMT+2","781185","КПРФ","Диденко Алексей Николаевич, ЛДПР","Мужской","45-64"
"2021/09/20 11:08:44 AM GMT+2","784534","КПРФ","Диденко Алексей Николаевич, ЛДПР","Женский","25-44"
"2021/09/19 3:48:01 PM GMT+2","315683","КПРФ","Диденко Алексей Николаевич, ЛДПР","Женский","25-44"
"2021/09/19 11:34:02 AM GMT+2","89410","КПРФ","Шипилов Василий Анатольевич, КПРФ","Женский","25-44"
"2021/09/19 3:08:25 PM GMT+2","360994","ЛДПР","Диденко Алексей Николаевич, ЛДПР","Женский","18-24"
"2021/09/19 4:00:22 PM GMT+2","435963","Зелёные","Шипилов Василий Анатольевич, КПРФ","Женский","18-24"
"2021/09/19 12:34:45 PM GMT+2","732587","Яблоко","Ерёмин Василий Васильевич, Яблоко","Мужской","25-44"
"2021/09/19 3:24:36 PM GMT+2","161457","КПРФ","Диденко Алексей Николаевич, ЛДПР","Женский","18-24"
"2021/09/19 1:15:08 PM GMT+2","475277","ЛДПР","Диденко Алексей Николаевич, ЛДПР","Мужской","25-44"
"2021/09/19 11:16:48 AM GMT+2","622924","КПРФ","Диденко Алексей Николаевич, ЛДПР","Женский","25-44"
"2021/09/19 5:43:22 PM GMT+2","622538","КПРФ","Диденко Алексей Николаевич, ЛДПР","Мужской","18-24"
"2021/09/19 2:10:01 PM GMT+2","528256","КПРФ","Диденко Алексей Николаевич, ЛДПР","Мужской","18-24"
"2021/09/19 1:12:16 PM GMT+2","198807","Яблоко","Диденко Алексей Николаевич, ЛДПР","Женский","25-44"
"2021/09/19 12:18:51 PM GMT+2","990613","КПРФ","Диденко Алексей Николаевич, ЛДПР","Женский","18-24"
"2021/09/19 6:28:50 PM GMT+2","256662","Справедливая Россия — За Правду","Диденко Алексей Николаевич, ЛДПР","Женский","25-44"
"2021/09/19 7:01:21 PM GMT+2","385855","Яблоко","Ерёмин Василий Васильевич, Яблоко","Женский","25-44"
"2021/09/19 12:38:47 PM GMT+2","20846","КПРФ","Диденко Алексей Николаевич, ЛДПР","Женский","25-44"
"2021/09/19 12:51:19 PM GMT+2","947917","Партия свободы и справедливости","Диденко Алексей Николаевич, ЛДПР","Мужской","18-24"
"2021/09/19 8:35:37 AM GMT+2","130081","КПРФ","Диденко Алексей Николаевич, ЛДПР","Мужской","25-44"
"2021/09/19 4:43:55 PM GMT+2","627870","КПРФ","Диденко Алексей Николаевич, ЛДПР","Женский","25-44"
"2021/09/19 10:57:55 AM GMT+2","364481","Единая Россия","Леонтьев Илья Алексеевич, Единая Россия","Женский","25-44"
"2021/09/19 7:26:50 PM GMT+2","959031","Яблоко","Диденко Алексей Николаевич, ЛДПР","Мужской","25-44"
"2021/09/19 4:00:52 PM GMT+2","192147","КПРФ","Диденко Алексей Николаевич, ЛДПР","Женский","18-24"
"2021/09/19 6:03:49 PM GMT+2","814183","ЛДПР","Диденко Алексей Николаевич, ЛДПР","Мужской","18-24"
"2021/09/19 2:41:49 PM GMT+2","366270","Новые люди","Диденко Алексей Николаевич, ЛДПР","Женский","18-24"
"2021/09/19 7:17:49 PM GMT+2","229821","КПРФ","Диденко Алексей Николаевич, ЛДПР","Женский","25-44"
"2021/09/19 11:33:59 AM GMT+2","153037","ЛДПР","Диденко Алексей Николаевич, ЛДПР","Мужской","18-24"
"2021/09/19 12:27:35 PM GMT+2","210224","Яблоко","Диденко Алексей Николаевич, ЛДПР","Женский","25-44"
"2021/09/19 12:34:10 PM GMT+2","861827","КПРФ","Диденко Алексей Николаевич, ЛДПР","Мужской","25-44"
"2021/09/19 1:06:54 PM GMT+2","935567","Яблоко","Диденко Алексей Николаевич, ЛДПР","Мужской","25-44"
"2021/09/19 8:26:52 PM GMT+2","889562","ЛДПР","Диденко Алексей Николаевич, ЛДПР","Мужской","25-44"
"2021/09/19 6:58:26 PM GMT+2","496879","Яблоко","Диденко Алексей Николаевич, ЛДПР","Женский","25-44"
"2021/09/19 2:46:26 PM GMT+2","419644","КПРФ","Диденко Алексей Николаевич, ЛДПР","Женский","18-24"
"2021/09/19 5:12:24 PM GMT+2","5110","Новые люди","Ростовцев Александр Валерьевич, Справедливая Россия – Патриоты","Женский","25-44"
"2021/09/19 1:50:27 PM GMT+2","829265","КПРФ","Диденко Алексей Николаевич, ЛДПР","Мужской","25-44"
"2021/09/19 12:56:31 PM GMT+2","626156","КПРФ","Диденко Алексей Николаевич, ЛДПР","Женский","25-44"
"2021/09/19 5:15:47 PM GMT+2","60903","Новые люди","Кротов Евгений Геннадьевич, Родина","Мужской","25-44"
"2021/09/19 11:16:24 AM GMT+2","148624","ЛДПР","Диденко Алексей Николаевич, ЛДПР","Женский","25-44"
"2021/09/19 2:25:44 PM GMT+2","423700","Единая Россия","Леонтьев Илья Алексеевич, Единая Россия","Мужской","25-44"
"2021/09/19 5:31:32 PM GMT+2","754366","Яблоко","Диденко Алексей Николаевич, ЛДПР","Женский","18-24"
"2021/09/19 11:00:51 AM GMT+2","747512","КПРФ","Диденко Алексей Николаевич, ЛДПР","Женский","25-44"
"2021/09/19 6:41:21 PM GMT+2","414513","ЛДПР","Диденко Алексей Николаевич, ЛДПР","Женский","18-24"
"2021/09/19 5:34:31 PM GMT+2","480073","ЛДПР","Диденко Алексей Николаевич, ЛДПР","Женский","25-44"
"2021/09/19 2:46:04 PM GMT+2","847741","ЛДПР","Диденко Алексей Николаевич, ЛДПР","Женский","18-24"
"2021/09/19 9:41:42 AM GMT+2","44385","КПРФ","Шипилов Василий Анатольевич, КПРФ","Мужской","45-64"
"2021/09/19 11:51:42 AM GMT+2","563993","ЛДПР","Диденко Алексей Николаевич, ЛДПР","Женский","25-44"
"2021/09/19 12:54:10 PM GMT+2","238099","КПРФ","Диденко Алексей Николаевич, ЛДПР","Женский","25-44"
"2021/09/19 6:22:59 PM GMT+2","458555","КПРФ","Диденко Алексей Николаевич, ЛДПР","Женский","45-64"
"2021/09/19 5:53:19 PM GMT+2","786163","ЛДПР","Диденко Алексей Николаевич, ЛДПР","Мужской","25-44"
"2021/09/19 5:36:30 PM GMT+2","922494","Новые люди","Цин-Дэ-Шань Александр Андреевич, Новые люди","Женский","25-44"
"2021/09/19 2:27:24 PM GMT+2","993422","Новые люди","Диденко Алексей Николаевич, ЛДПР","Женский","18-24"
"2021/09/19 2:21:29 PM GMT+2","387728","Яблоко","Диденко Алексей Николаевич, ЛДПР","Женский","25-44"
"2021/09/19 4:54:41 PM GMT+2","688615","КПРФ","Диденко Алексей Николаевич, ЛДПР","Женский","25-44"
"2021/09/19 1:21:11 PM GMT+2","387788","ЛДПР","Диденко Алексей Николаевич, ЛДПР","Женский","25-44"
"2021/09/19 5:16:12 PM GMT+2","419166","Единая Россия","Леонтьев Илья Алексеевич, Единая Россия","Женский","25-44"
"2021/09/19 12:11:11 PM GMT+2","113739","Яблоко","Диденко Алексей Николаевич, ЛДПР","Женский","25-44"
"2021/09/19 12:34:18 PM GMT+2","89490","Яблоко","Ерёмин Василий Васильевич, Яблоко","Мужской","25-44"
"2021/09/19 5:55:56 PM GMT+2","170723","ЛДПР","Диденко Алексей Николаевич, ЛДПР","Женский","25-44"
"2021/09/19 3:24:25 PM GMT+2","896885","КПРФ","Диденко Алексей Николаевич, ЛДПР","Мужской","25-44"
"2021/09/19 1:26:40 PM GMT+2","133751","КПРФ","Диденко Алексей Николаевич, ЛДПР","Женский","45-64"
"2021/09/19 3:03:29 PM GMT+2","621306","КПРФ","Диденко Алексей Николаевич, ЛДПР","Женский","25-44"
"2021/09/19 4:37:04 PM GMT+2","202103","КПРФ","Диденко Алексей Николаевич, ЛДПР","Мужской","18-24"
"2021/09/19 11:13:41 AM GMT+2","830385","Яблоко","Ерёмин Василий Васильевич, Яблоко","Женский","18-24"
"2021/09/19 4:59:45 PM GMT+2","998186","КПРФ","Диденко Алексей Николаевич, ЛДПР","Мужской","18-24"
"2021/09/19 2:39:50 PM GMT+2","540086","КПРФ","Диденко Алексей Николаевич, ЛДПР","Женский","18-24"
